Variable #,R2 test PCR,R2 test PCR WOO,R2 test PLSR,R2 test PLSR WOO,R2 test PLSR Var Sel 1,R2 test PLSR Var Sel 2,RMSE test PCR,RMSE test PCR WOO,RMSE test PLSR,RMSE test PLSR WOO,RMSE test PLSR Var Sel 1,RMSE test PLSR Var Sel 2
1,0.937852668803495,0.937570640749817,0.903522648731304,0.922507478037486,0.921801738586494,0.878461212733136,0.0259457773339314,0.0260045823863059,0.032327203028878,0.028972458035599,0.0291040879218372,0.0362838108484434
2,0.842247861406098,0.83144716601929,0.849633114885327,0.845164847381948,0.659590075373294,0.738128206813289,0.0406210782923074,0.041988643978847,0.0396588321777301,0.0402437648896367,0.0596712212811678,0.0523369223916862
3,0.965504106588412,0.962947561159081,0.965431455408812,0.965304219961425,0.924129253457007,0.894275310676318,0.0201095164966731,0.0208413731636349,0.0201306815039139,0.0201676946869378,0.0298232595953872,0.035205145125978
4,0.86346620389705,0.874243261094178,0.869311812745045,0.85562256195212,0.410797909799053,0.419786399015708,0.0297899753938655,0.0285901013743648,0.0291452797925469,0.030633719218621,0.0618845448721993,0.0614106952762577
5,0.94827251940952,0.949661771256217,0.95040118392573,0.955661428014056,0.874132607292147,0.811874988779659,0.0218074721609556,0.0215126359795846,0.0213540531094377,0.0201899625954464,0.0340174129064327,0.0415879901984611
